{
  "brand": {
    "primary": "#2F45FF",
    "secondary": "#111827",
    "accent": "#FF6B00"
  },
  "ui": {
    "background": "#F8FAFC",
    "surface": "#FFFFFF",
    "muted_text": "#6B7280",
    "text": "#0F172A",
    "border": "#E5E7EB"
  },
  "states": {
    "success": "#10B981",
    "warning": "#F59E0B",
    "danger": "#EF4444",
    "info": "#3B82F6"
  },
  "gradients": {
    "hero": [
      "#2F45FF",
      "#7C3AED"
    ],
    "cta": [
      "#FF6B00",
      "#FF3D71"
    ]
  },
  "notes": "All colors are WCAG-minded. Prefer Primary (#2F45FF) on white or on #111827; use #FFFFFF on Primary for buttons. Borders use #E5E7EB."
}